method,cluster_id,cluster_label,n_fires,mean_fire_size,median_fire_size,pct_human,pct_natural,cluster_span
std,0,1,185,335.5175675675676,0.4,16.756756756756758,83.24324324324324,0.381097385905806
std,1,2,124,69.32435483870967,0.2,72.58064516129032,27.419354838709676,0.3501224076903562
std,2,3,273,1234.405860805861,1.5,6.227106227106227,93.77289377289377,0.28705323987741704
std,3,4,262,4.957938931297711,0.1,81.29770992366412,18.702290076335878,0.33022682780963697
oa_opt,0,1,181,318.2461325966851,0.4,16.022099447513813,83.97790055248619,0.35111592483717924
oa_opt,1,2,126,69.30095238095238,0.2,73.01587301587301,26.984126984126984,0.27232922256550496
oa_opt,2,3,278,1228.726618705036,1.75,6.83453237410072,93.16546762589928,0.28687227598471665
oa_opt,3,4,259,4.00880308880309,0.1,81.46718146718148,18.53281853281853,0.3082604286081778
