{
  "tier1": {
    "alpha": 1.0,
    "beta": 1.71118395322992,
    "gamma": 0.0,
    "rho_bar": 0.05830852084919611
  },
  "tier2": {
    "alpha": 1.0,
    "beta": 1.663136549293995,
    "gamma": 0.6418329969219485,
    "objective": 0.44432393028533057,
    "rho_bar": 0.1109905969519972,
    "sigma_a": 0.6666666666666666
  },
  "k": 3,
  "n_fires": 1465
}